Image Path,Book Title,Price
./images/image_page1_1.jpg,Cambridge IELTS 18 General,198.000₫
./images/image_page1_2.jpg,Cambridge IELTS 18 Academic,198.000₫
./images/image_page1_3.jpg,IELTS 17 GENERAL TRAINING,190.000₫
./images/image_page1_4.jpg,IELTS 17 ACADEMIC,190.000₫
./images/image_page1_5.jpg,Điện Biên Phủ A Guide for Tourists,40.000₫
./images/image_page1_6.jpg,IELTS 14 GENERAL TRAINING,119.000₫
./images/image_page1_7.jpg,IELTS 16 GENERAL TRAINING,184.000₫
./images/image_page1_8.jpg,IELTS 16 ACADEMIC,190.000₫
./images/image_page1_9.jpg,Vở tập viết quyển 1 - Cùng học để phát triển năng lực,17.500₫
./images/image_page1_10.jpg,Vở tập viết quyển 2 - Tự học để phát triển năng lực,17.500₫
./images/image_page1_11.jpg,Tâm thế và hành trang vào lớp 1 - Bé khởi đầu tập viết,75.000₫
./images/image_page1_12.jpg,Tập viết chữ hoa (Bé tự tin vào lớp 1),15.000₫
